variant_id,chromosome,start,end,ref,alt,clinical_significance,molecular_consequence,genes,mut_type,tt,gc,variant_pos,rel_index,where
3075897,1,6425199,6425199,G,GC,Likely Pathogenic,Frameshift Variant,ESPN,INS,,0.7441860465116279,6425199,150,center
4074740,1,6425220,6425220,C,A,Uncertain Significance,Missense Variant,ESPN,SNP,transversion,0.7342192691029901,6425220,150,center
3075865,1,6440627,6440628,GT,G,Likely Pathogenic,Frameshift Variant,ESPN,DEL,,0.7715231788079471,6440627,150,center
3891409,1,6440979,6440979,G,A,Uncertain Significance,Missense Variant,ESPN,SNP,transition,0.7142857142857143,6440979,150,center
694651,1,6440985,6440985,G,T,Uncertain Significance,Missense Variant,ESPN,SNP,transversion,0.7043189368770764,6440985,150,center
449818,1,6441010,6441010,C,T,Uncertain Significance,Missense Variant,ESPN,SNP,transition,0.6843853820598007,6441010,150,center
163412,1,6444538,6444538,C,T,Likely Benign,Missense Variant,ESPN,SNP,transition,0.6079734219269103,6444538,150,center
3891406,1,6444575,6444575,C,T,Uncertain Significance,Missense Variant,ESPN,SNP,transition,0.6112956810631229,6444575,150,center
517052,1,6445757,6445757,C,T,Benign/Likely Benign,Missense Variant,ESPN,SNP,transition,0.6445182724252492,6445757,150,center
3779629,1,6445758,6445759,CA,C,Uncertain Significance,Frameshift Variant,ESPN,DEL,,0.6490066225165563,6445758,150,center
2071078,1,6445840,6445840,G,T,Uncertain Significance,Missense Variant,ESPN,SNP,transversion,0.6611295681063123,6445840,150,center
1012722,1,6445857,6445857,A,G,Benign/Likely Benign,Synonymous Variant,ESPN,SNP,transition,0.6744186046511628,6445857,150,center
1028415,1,6445897,6445897,A,C,Uncertain Significance,Missense Variant,ESPN,SNP,transversion,0.6710963455149501,6445897,150,center
450999,1,6445936,6445936,G,A,Likely Pathogenic,Splice Donor Variant,ESPN,SNP,transition,0.6478405315614618,6445936,150,center
2572469,1,6448816,6448833,AGCCCGCGCGCGCCGGCT,A,Pathogenic,"Frameshift Variant,So:0001627",ESPN,DEL,,0.7767295597484277,6448816,150,center
4424,1,6448932,6448932,C,CG,Pathogenic,Frameshift Variant,ESPN,INS,,0.7940199335548173,6448932,150,center
3065194,1,6448938,6448938,G,A,Uncertain Significance,Missense Variant,ESPN,SNP,transition,0.7973421926910299,6448938,150,center
1219107,1,6448979,6448979,A,ACCG,Conflicting Classifications Of Pathogenicity,Inframe Insertion,ESPN,INS,,0.7807308970099668,6448979,150,center
1342840,1,6449046,6449046,G,A,Uncertain Significance,Missense Variant,ESPN,SNP,transition,0.7408637873754153,6449046,150,center
3601083,1,6451602,6451602,G,A,Pathogenic,Splice Acceptor Variant,ESPN,SNP,transition,0.6411960132890365,6451602,150,center
984702,1,6451602,6451602,G,C,Pathogenic,Splice Acceptor Variant,ESPN,SNP,transversion,0.6411960132890365,6451602,150,center
2445625,1,6451659,6451659,G,A,Likely Pathogenic,Missense Variant,ESPN,SNP,transition,0.6644518272425249,6451659,150,center
4419,1,6451674,6451678,AAGAG,A,Pathogenic,Frameshift Variant,ESPN,DEL,,0.6754098360655738,6451674,150,center
3601084,1,6451677,6451739,AGCCTGAAGCCGACGCCCCAGAGCAAGGGGCTGACCACAGTGTTCTCAGGCATCGGGCAGCCG,A,Pathogenic,Frameshift Variant,ESPN,DEL,,0.6694214876033058,6451677,150,center
1307782,1,6451840,6451840,C,T,Uncertain Significance,Missense Variant,ESPN,SNP,transition,0.6877076411960132,6451840,150,center
226635,1,6451841,6451841,G,A,Benign/Likely Benign,Synonymous Variant,ESPN,SNP,transition,0.6877076411960132,6451841,150,center
1299307,1,6451850,6451852,TTC,T,Pathogenic,Frameshift Variant,ESPN,DEL,,0.6864686468646864,6451850,150,center
523541,1,6451921,6451921,A,G,Uncertain Significance,Missense Variant,ESPN,SNP,transition,0.6744186046511628,6451921,150,center
4420,1,6451926,6451926,A,C,Pathogenic,Missense Variant,ESPN,SNP,transversion,0.6777408637873754,6451926,150,center
4421,1,6452001,6452001,G,A,Uncertain Significance,Missense Variant,ESPN,SNP,transition,0.6677740863787376,6452001,150,center
2671695,1,6452034,6452034,C,T,Uncertain Significance,Missense Variant,ESPN,SNP,transition,0.6810631229235881,6452034,150,center
4422,1,6452092,6452092,G,A,Pathogenic,Missense Variant,ESPN,SNP,transition,0.6212624584717608,6452092,150,center
1443667,1,6457182,6457185,CAGG,C,Uncertain Significance,,ESPN,DEL,,0.6217105263157895,6457182,150,center
623132,1,6460027,6460027,G,T,Likely Pathogenic,Nonsense,ESPN,SNP,transversion,0.6411960132890365,6460027,150,center
4418,1,6460047,6460051,ACAGT,A,Pathogenic,Frameshift Variant,ESPN,DEL,,0.6622950819672131,6460047,150,center
562076,1,6460077,6460078,AC,A,Pathogenic/Likely Pathogenic,Nonsense,ESPN,DEL,,0.6589403973509934,6460077,150,center
2445633,1,6460077,6460077,C,G,Pathogenic,Nonsense,ESPN,SNP,transversion,0.6578073089700996,6460077,150,center
1333558,1,6460105,6460105,C,T,Likely Pathogenic,Nonsense,ESPN,SNP,transition,0.6744186046511628,6460105,150,center
4423,1,6460120,6460123,TGAA,T,Likely Pathogenic,Inframe Deletion,ESPN,DEL,,0.6743421052631579,6460120,150,center
560887,1,16033225,16033225,G,T,Pathogenic/Likely Pathogenic,Missense Variant,CLCNKA;LOC106501712,SNP,transversion,0.6212624584717608,16033225,150,center
7601,1,16055759,16055759,G,A,Pathogenic,Splice Donor Variant,CLCNKB;LOC106501713,SNP,transition,0.6312292358803987,16055759,150,center
6490,1,34784955,34784958,TACG,T,Conflicting Classifications Of Pathogenicity,Inframe Deletion,GJB3,DEL,,0.6282894736842105,34784955,150,center
6492,1,34785259,34785259,A,G,Pathogenic,Missense Variant,GJB3,SNP,transition,0.5714285714285714,34785259,150,center
6493,1,34785342,34785342,G,A,Conflicting Classifications Of Pathogenicity,Missense Variant,GJB3,SNP,transition,0.6146179401993356,34785342,150,center
561271,1,34785465,34785465,C,T,Conflicting Classifications Of Pathogenicity,Nonsense,GJB3,SNP,transition,0.627906976744186,34785465,150,center
1698698,1,37765139,37765147,CAGACCCCA,GCT,Pathogenic,,EPHA10,DEL,,0.6666666666666666,37765139,150,center
2033528,1,40784121,40784121,G,A,Uncertain Significance,Missense Variant,KCNQ4,SNP,transition,0.8571428571428571,40784121,150,center
585006,1,40784233,40784233,T,C,Pathogenic/Likely Pathogenic,Missense Variant,KCNQ4,SNP,transition,0.8205980066445183,40784233,150,center
730845,1,40784269,40784269,C,T,Benign/Likely Benign,Missense Variant,KCNQ4,SNP,transition,0.7740863787375415,40784269,150,center
6248,1,40784304,40784305,GC,G,Pathogenic,Frameshift Variant,KCNQ4,DEL,,0.7615894039735099,40784304,150,center
6245,1,40784303,40784316,CCAGCGCTCCTCGG,C,Pathogenic,Frameshift Variant,KCNQ4,DEL,,0.767515923566879,40784303,150,center
208364,1,40784319,40784319,C,CCG,Pathogenic,Frameshift Variant,KCNQ4,INS,,0.7674418604651163,40784319,150,center
3254638,1,40784320,40784320,C,G,Likely Benign,Missense Variant,KCNQ4,SNP,transversion,0.7674418604651163,40784320,150,center
2585201,1,40784325,40784325,A,T,Uncertain Significance,Nonsense,KCNQ4,SNP,transversion,0.7740863787375415,40784325,150,center
1437818,1,40784335,40784335,A,ACCG,Uncertain Significance,Inframe Insertion,KCNQ4,INS,,0.7807308970099668,40784335,150,center
625441,1,40784351,40784360,GGTCTACAAC,G,Pathogenic,Inframe Deletion,KCNQ4,DEL,,0.7741935483870968,40784351,150,center
259521,1,40817247,40817247,C,T,Benign,Intron Variant,KCNQ4,SNP,transition,0.5182724252491694,40817247,150,center
259519,1,40817249,40817249,C,T,Benign,Intron Variant,KCNQ4,SNP,transition,0.521594684385382,40817249,150,center
3377467,1,40817281,40817281,A,G,Uncertain Significance,Missense Variant,KCNQ4,SNP,transition,0.5348837209302325,40817281,150,center
2440965,1,40817314,40817314,C,T,Likely Pathogenic,Nonsense,KCNQ4,SNP,transition,0.574750830564784,40817314,150,center
2120280,1,40818162,40818162,A,G,Likely Pathogenic,Splice Acceptor Variant,KCNQ4,SNP,transition,0.6345514950166113,40818162,150,center
1049775,1,40818177,40818177,T,C,Conflicting Classifications Of Pathogenicity,Missense Variant,KCNQ4,SNP,transition,0.6378737541528239,40818177,150,center
3338059,1,40818194,40818194,G,A,Uncertain Significance,Missense Variant,KCNQ4,SNP,transition,0.6478405315614618,40818194,150,center
178387,1,40818196,40818196,G,A,Likely Benign,Synonymous Variant,KCNQ4,SNP,transition,0.6511627906976745,40818196,150,center
179111,1,40818217,40818218,TC,T,Pathogenic,Frameshift Variant,KCNQ4,DEL,,0.6324503311258278,40818217,150,center
178388,1,40818223,40818223,A,C,Benign/Likely Benign,Synonymous Variant,KCNQ4,SNP,transversion,0.6312292358803987,40818223,150,center
2261256,1,40818243,40818243,G,A,Uncertain Significance,Missense Variant,KCNQ4,SNP,transition,0.627906976744186,40818243,150,center
21424,1,40818518,40818518,C,G,Conflicting Classifications Of Pathogenicity,Missense Variant,KCNQ4;LOC129930282,SNP,transversion,0.6943521594684385,40818518,150,center
21425,1,40818620,40818620,C,T,Conflicting Classifications Of Pathogenicity,Synonymous Variant,KCNQ4,SNP,transition,0.7043189368770764,40818620,150,center
1297718,1,40818637,40818637,G,A,Uncertain Significance,Missense Variant,KCNQ4,SNP,transition,0.7009966777408638,40818637,150,center
1806181,1,40818642,40818642,T,C,Uncertain Significance,Missense Variant,KCNQ4,SNP,transition,0.6976744186046512,40818642,150,center
2064839,1,40818649,40818649,T,G,Uncertain Significance,Missense Variant,KCNQ4,SNP,transversion,0.6910299003322259,40818649,150,center
504603,1,40818654,40818654,G,T,Uncertain Significance,Missense Variant,KCNQ4,SNP,transversion,0.6976744186046512,40818654,150,center
1312296,1,40818658,40818658,C,T,Uncertain Significance,Missense Variant,KCNQ4,SNP,transition,0.6976744186046512,40818658,150,center
208365,1,40818661,40818661,T,A,Pathogenic,Missense Variant,KCNQ4,SNP,transversion,0.7009966777408638,40818661,150,center
1185583,1,40818673,40818673,A,T,Pathogenic/Likely Pathogenic,Missense Variant,KCNQ4,SNP,transversion,0.7043189368770764,40818673,150,center
45104,1,40818694,40818694,G,C,Benign,Intron Variant,KCNQ4,SNP,transversion,0.7009966777408638,40818694,150,center
227469,1,40819358,40819358,C,G,Likely Benign,Synonymous Variant,KCNQ4,SNP,transversion,0.6378737541528239,40819358,150,center
3601181,1,40819359,40819359,G,C,Likely Pathogenic,Missense Variant,KCNQ4,SNP,transversion,0.6378737541528239,40819359,150,center
65893,1,40819363,40819363,G,A,Pathogenic,Nonsense,KCNQ4,SNP,transition,0.6378737541528239,40819363,150,center
3583863,1,40819371,40819371,G,A,Likely Pathogenic,Missense Variant,KCNQ4,SNP,transition,0.6411960132890365,40819371,150,center
504604,1,40819373,40819373,G,A,Likely Benign,Synonymous Variant,KCNQ4,SNP,transition,0.6445182724252492,40819373,150,center
2093853,1,40819384,40819384,T,C,Uncertain Significance,Missense Variant,KCNQ4,SNP,transition,0.6511627906976745,40819384,150,center
45105,1,40819415,40819415,T,C,Benign,Synonymous Variant,KCNQ4,SNP,transition,0.6411960132890365,40819415,150,center
21426,1,40819416,40819416,G,A,Uncertain Significance,Missense Variant,KCNQ4,SNP,transition,0.6445182724252492,40819416,150,center
21427,1,40819423,40819423,A,T,Uncertain Significance,Missense Variant,KCNQ4,SNP,transversion,0.654485049833887,40819423,150,center
591002,1,40819434,40819434,G,T,Pathogenic,Missense Variant,KCNQ4,SNP,transversion,0.6611295681063123,40819434,150,center
1709664,1,40819437,40819437,T,G,Uncertain Significance,Missense Variant,KCNQ4,SNP,transversion,0.6611295681063123,40819437,150,center
208366,1,40819441,40819444,TCTC,T,Pathogenic,Inframe Deletion,KCNQ4,DEL,,0.6513157894736842,40819441,150,center
208367,1,40819446,40819446,T,C,Pathogenic,Missense Variant,KCNQ4,SNP,transition,0.654485049833887,40819446,150,center
6247,1,40819459,40819459,T,A,Pathogenic,Missense Variant,KCNQ4,SNP,transversion,0.654485049833887,40819459,150,center
208368,1,40819461,40819461,T,C,Pathogenic,Missense Variant,KCNQ4,SNP,transition,0.654485049833887,40819461,150,center
505302,1,40819463,40819463,G,C,Likely Pathogenic,Missense Variant,KCNQ4,SNP,transversion,0.654485049833887,40819463,150,center
1699203,1,40819464,40819464,T,C,Likely Pathogenic,Missense Variant,KCNQ4,SNP,transition,0.654485049833887,40819464,150,center
6242,1,40819465,40819465,G,C,Pathogenic,Missense Variant,KCNQ4,SNP,transversion,0.654485049833887,40819465,150,center
178690,1,40819467,40819467,G,A,Uncertain Significance,Missense Variant,KCNQ4,SNP,transition,0.654485049833887,40819467,150,center
667252,1,40819472,40819472,G,T,Uncertain Significance,Synonymous Variant,KCNQ4,SNP,transversion,0.6578073089700996,40819472,150,center
45106,1,40819881,40819881,T,C,Benign,Synonymous Variant,KCNQ4,SNP,transition,0.5980066445182725,40819881,150,center
6246,1,40819882,40819882,T,C,Pathogenic,Missense Variant,KCNQ4,SNP,transition,0.6013289036544851,40819882,150,center
6241,1,40819893,40819893,G,A,Pathogenic,Missense Variant,KCNQ4,SNP,transition,0.6112956810631229,40819893,150,center
6244,1,40819893,40819893,G,T,Pathogenic,Missense Variant,KCNQ4,SNP,transversion,0.6112956810631229,40819893,150,center
1184480,1,40819897,40819897,A,C,Likely Pathogenic,Missense Variant,KCNQ4,SNP,transversion,0.6112956810631229,40819897,150,center
979187,1,40819899,40819899,G,A,Likely Pathogenic,Missense Variant,KCNQ4,SNP,transition,0.6079734219269103,40819899,150,center
156337,1,40819899,40819899,G,C,Pathogenic,Missense Variant,KCNQ4,SNP,transversion,0.6079734219269103,40819899,150,center
208369,1,40819911,40819911,C,T,Pathogenic,Missense Variant,KCNQ4,SNP,transition,0.6046511627906976,40819911,150,center
208370,1,40819912,40819912,C,T,Pathogenic/Likely Pathogenic,Missense Variant,KCNQ4,SNP,transition,0.6046511627906976,40819912,150,center
45107,1,40819913,40819913,G,A,Benign,Synonymous Variant,KCNQ4,SNP,transition,0.6046511627906976,40819913,150,center
45108,1,40819919,40819919,A,G,Benign,Synonymous Variant,KCNQ4,SNP,transition,0.6079734219269103,40819919,150,center
3382564,1,40819922,40819922,G,A,Likely Pathogenic,Nonsense,KCNQ4,SNP,transition,0.6079734219269103,40819922,150,center
6249,1,40819926,40819926,G,A,Pathogenic,Missense Variant,KCNQ4,SNP,transition,0.6013289036544851,40819926,150,center
208371,1,40819931,40819931,G,T,Uncertain Significance,Missense Variant,KCNQ4,SNP,transversion,0.5980066445182725,40819931,150,center
505423,1,40820153,40820153,C,G,Benign,Intron Variant,KCNQ4,SNP,transversion,0.6312292358803987,40820153,150,center
228774,1,40820162,40820162,T,A,Uncertain Significance,Intron Variant,KCNQ4,SNP,transversion,0.6312292358803987,40820162,150,center
6243,1,40820180,40820180,G,A,Pathogenic/Likely Pathogenic,Missense Variant,KCNQ4,SNP,transition,0.6179401993355482,40820180,150,center
163750,1,40820191,40820191,G,A,Benign,Synonymous Variant,KCNQ4,SNP,transition,0.6146179401993356,40820191,150,center
208372,1,40822312,40822320,AGGCTGCCT,A,Pathogenic,Splice Acceptor Variant,KCNQ4,DEL,,0.6181229773462783,40822312,150,center
4074806,1,40822321,40822321,G,C,Uncertain Significance,Missense Variant,KCNQ4,SNP,transversion,0.6146179401993356,40822321,150,center
3601180,1,40822379,40822379,T,A,Likely Pathogenic,Nonsense,KCNQ4,SNP,transversion,0.6378737541528239,40822379,150,center
45100,1,40824154,40824154,C,T,Benign/Likely Benign,"Intron Variant,So:0001819",KCNQ4,SNP,transition,0.6910299003322259,40824154,150,center
228769,1,40824159,40824159,A,G,Uncertain Significance,"Missense Variant,So:0001627",KCNQ4,SNP,transition,0.6843853820598007,40824159,150,center
1465186,1,40824168,40824168,G,A,Uncertain Significance,"Missense Variant,So:0001627",KCNQ4,SNP,transition,0.6877076411960132,40824168,150,center
1187613,1,40824174,40824174,C,T,Uncertain Significance,"Missense Variant,So:0001627",KCNQ4,SNP,transition,0.6810631229235881,40824174,150,center
666707,1,40824197,40824197,C,T,Benign/Likely Benign,"Missense Variant,So:0001627",KCNQ4,SNP,transition,0.6744186046511628,40824197,150,center
1566888,1,40824198,40824198,G,A,Conflicting Classifications Of Pathogenicity,"Missense Variant,So:0001627",KCNQ4,SNP,transition,0.6744186046511628,40824198,150,center
1064936,1,40824217,40824218,AC,A,Likely Pathogenic,"Frameshift Variant,So:0001627",KCNQ4,DEL,,0.6688741721854304,40824217,150,center
593390,1,40824225,40824225,G,A,Conflicting Classifications Of Pathogenicity,"Missense Variant,So:0001627",KCNQ4,SNP,transition,0.6611295681063123,40824225,150,center
163753,1,40824233,40824233,A,C,Uncertain Significance,"Missense Variant,So:0001627",KCNQ4,SNP,transversion,0.6677740863787376,40824233,150,center
1199646,1,40824233,40824233,A,G,Uncertain Significance,"Missense Variant,So:0001627",KCNQ4,SNP,transition,0.6677740863787376,40824233,150,center
227465,1,40824270,40824270,G,A,Benign/Likely Benign,Intron Variant,KCNQ4,SNP,transition,0.6677740863787376,40824270,150,center
163754,1,40831116,40831116,T,C,Benign,Missense Variant,KCNQ4,SNP,transition,0.6312292358803987,40831116,150,center
1687686,1,40831133,40831133,C,T,Uncertain Significance,Missense Variant,KCNQ4,SNP,transition,0.627906976744186,40831133,150,center
45101,1,40831156,40831156,T,G,Benign,Missense Variant,KCNQ4,SNP,transversion,0.6345514950166113,40831156,150,center
227466,1,40831204,40831204,T,C,Likely Benign,Synonymous Variant,KCNQ4,SNP,transition,0.6611295681063123,40831204,150,center
944908,1,40831229,40831229,C,T,Pathogenic/Likely Pathogenic,Nonsense,KCNQ4,SNP,transition,0.6677740863787376,40831229,150,center
1201537,1,40831254,40831254,G,A,Uncertain Significance,Missense Variant,KCNQ4,SNP,transition,0.6611295681063123,40831254,150,center
1304466,1,40831290,40831290,G,A,Uncertain Significance,Missense Variant,KCNQ4,SNP,transition,0.6345514950166113,40831290,150,center
1339804,1,40831293,40831293,C,T,Not Provided,Missense Variant,KCNQ4,SNP,transition,0.6345514950166113,40831293,150,center
21423,1,40831294,40831294,C,T,Not Provided,Synonymous Variant,KCNQ4,SNP,transition,0.6312292358803987,40831294,150,center
504605,1,40833017,40833017,C,T,Uncertain Significance,Missense Variant,KCNQ4,SNP,transition,0.584717607973422,40833017,150,center
228770,1,40833031,40833031,G,A,Uncertain Significance,Missense Variant,KCNQ4,SNP,transition,0.5913621262458472,40833031,150,center
1032259,1,40833065,40833065,C,T,Uncertain Significance,Missense Variant,KCNQ4,SNP,transition,0.5880398671096345,40833065,150,center
504606,1,40833072,40833072,C,T,Likely Benign,Synonymous Variant,KCNQ4,SNP,transition,0.5946843853820598,40833072,150,center
2627493,1,40833073,40833073,G,A,Uncertain Significance,Missense Variant,KCNQ4,SNP,transition,0.5946843853820598,40833073,150,center
45102,1,40835010,40835010,C,T,Benign,Synonymous Variant,KCNQ4,SNP,transition,0.5980066445182725,40835010,150,center
1050307,1,40835017,40835017,C,T,Uncertain Significance,Missense Variant,KCNQ4,SNP,transition,0.5913621262458472,40835017,150,center
45103,1,40835018,40835018,G,A,Benign,Synonymous Variant,KCNQ4,SNP,transition,0.5913621262458472,40835018,150,center
505873,1,40835019,40835019,T,TACGAC,Likely Pathogenic,Frameshift Variant,KCNQ4,INS,,0.5913621262458472,40835019,150,center
3383191,1,40835021,40835021,C,G,Likely Pathogenic,Nonsense,KCNQ4,SNP,transversion,0.5946843853820598,40835021,150,center
163755,1,40835021,40835021,C,T,Likely Benign,Synonymous Variant,KCNQ4,SNP,transition,0.5946843853820598,40835021,150,center
3393397,1,40835025,40835025,G,A,Uncertain Significance,Missense Variant,KCNQ4,SNP,transition,0.5913621262458472,40835025,150,center
163756,1,40837737,40837737,C,G,Benign,Missense Variant,KCNQ4,SNP,transversion,0.627906976744186,40837737,150,center
2433031,1,40837778,40837778,T,A,Uncertain Significance,Missense Variant,KCNQ4,SNP,transversion,0.654485049833887,40837778,150,center
226687,1,40838421,40838421,C,G,Benign,Synonymous Variant,KCNQ4,SNP,transversion,0.6744186046511628,40838421,150,center
929965,1,40838463,40838463,C,T,Likely Benign,Synonymous Variant,KCNQ4,SNP,transition,0.6578073089700996,40838463,150,center
208373,1,40838474,40838474,C,T,Uncertain Significance,Missense Variant,KCNQ4,SNP,transition,0.654485049833887,40838474,150,center
1333094,1,44636124,44636124,G,A,Pathogenic,Missense Variant,RNF220,SNP,transition,0.5880398671096345,44636124,150,center
1333093,1,44636130,44636130,G,A,Pathogenic,Missense Variant,RNF220,SNP,transition,0.5880398671096345,44636130,150,center
3780553,1,44649659,44649659,A,G,Uncertain Significance,Splice Acceptor Variant,RNF220,SNP,transition,0.5083056478405316,44649659,150,center
4389,1,54999196,54999196,G,T,Pathogenic,Nonsense,BSND,SNP,transversion,0.5913621262458472,54999196,150,center
4388,1,54999221,54999221,T,C,Pathogenic,Missense Variant,BSND,SNP,transition,0.6013289036544851,54999221,150,center
4387,1,54999325,54999325,G,A,Pathogenic/Likely Pathogenic,Missense Variant,BSND,SNP,transition,0.6013289036544851,54999325,150,center
1065025,1,55005098,55005098,T,C,Uncertain Significance,Missense Variant,BSND,SNP,transition,0.5681063122923588,55005098,150,center
667367,1,100455405,100455405,C,T,Likely Pathogenic,"Nonsense,So:0001627",CDC14A,SNP,transition,0.292358803986711,100455405,150,center
1047474,1,102878054,102878054,C,T,Uncertain Significance,"Missense Variant,So:0001619",COL11A1,SNP,transition,0.33554817275747506,102878054,150,center
1065032,1,102878081,102878081,C,T,Conflicting Classifications Of Pathogenicity,"Missense Variant,So:0001619",COL11A1,SNP,transition,0.31561461794019935,102878081,150,center
1065087,1,102879679,102879679,T,G,Uncertain Significance,Intron Variant,COL11A1;LOC126805814,SNP,transversion,0.4119601328903654,102879679,150,center
1508766,1,102879726,102879726,T,C,Conflicting Classifications Of Pathogenicity,"Missense Variant,So:0001619",COL11A1;LOC126805814,SNP,transition,0.43853820598006643,102879726,150,center
3587929,1,102879882,102879882,T,C,Uncertain Significance,"Missense Variant,So:0001619",COL11A1;LOC126805814,SNP,transition,0.3953488372093023,102879882,150,center
3767304,1,102881759,102881759,T,C,Uncertain Significance,"Missense Variant,So:0001619",COL11A1,SNP,transition,0.3023255813953488,102881759,150,center
2442232,1,102883311,102883311,C,T,Uncertain Significance,"Missense Variant,So:0001619",COL11A1,SNP,transition,0.34219269102990035,102883311,150,center
392007,1,102886863,102886863,G,T,Conflicting Classifications Of Pathogenicity,"Missense Variant,So:0001619",COL11A1,SNP,transversion,0.4053156146179402,102886863,150,center
258470,1,102886895,102886895,A,G,Benign,"Non-Coding Transcript Variant,So:0001819",COL11A1,SNP,transition,0.4186046511627907,102886895,150,center
1418086,1,102886956,102886956,A,G,Conflicting Classifications Of Pathogenicity,"Missense Variant,So:0001619",COL11A1,SNP,transition,0.4119601328903654,102886956,150,center
1065055,1,102886965,102886965,T,C,Conflicting Classifications Of Pathogenicity,"Missense Variant,So:0001619",COL11A1,SNP,transition,0.4019933554817276,102886965,150,center
1065092,1,102886974,102886974,T,C,Uncertain Significance,"Missense Variant,So:0001619",COL11A1,SNP,transition,0.3920265780730897,102886974,150,center
432840,1,102887004,102887004,G,A,Conflicting Classifications Of Pathogenicity,"Missense Variant,So:0001619",COL11A1,SNP,transition,0.3654485049833887,102887004,150,center
17137,1,102888582,102888582,A,G,Benign,"Missense Variant,So:0001619",COL11A1,SNP,transition,0.38205980066445183,102888582,150,center
498797,1,102888730,102888730,C,A,Pathogenic/Likely Pathogenic,"Missense Variant,So:0001619",COL11A1,SNP,transversion,0.4053156146179402,102888730,150,center
1175708,1,102888760,102888761,CT,C,Pathogenic,Splice Acceptor Variant,COL11A1,DEL,,0.40397350993377484,102888760,150,center
258466,1,102888872,102888872,A,G,Benign,"Non-Coding Transcript Variant,So:0001819",COL11A1,SNP,transition,0.3787375415282392,102888872,150,center
1976978,1,102888924,102888924,A,C,Uncertain Significance,Intron Variant,COL11A1,SNP,transversion,0.3488372093023256,102888924,150,center
3336601,1,102890451,102890451,C,T,Likely Pathogenic,"Non-Coding Transcript Variant,So:0001819",COL11A1,SNP,transition,0.33222591362126247,102890451,150,center
493048,1,102898123,102898123,A,G,Likely Pathogenic,Splice Donor Variant,COL11A1,SNP,transition,0.2558139534883721,102898123,150,center
3024098,1,102898159,102898159,C,A,Uncertain Significance,"Missense Variant,So:0001619",COL11A1,SNP,transversion,0.27906976744186046,102898159,150,center
291505,1,102898692,102898692,C,T,Conflicting Classifications Of Pathogenicity,"Missense Variant,So:0001619",COL11A1,SNP,transition,0.3920265780730897,102898692,150,center
1179083,1,102898728,102898728,C,A,Likely Pathogenic,"Missense Variant,So:0001619",COL11A1,SNP,transversion,0.38870431893687707,102898728,150,center
2976380,1,102898728,102898728,C,T,Conflicting Classifications Of Pathogenicity,"Missense Variant,So:0001619",COL11A1,SNP,transition,0.38870431893687707,102898728,150,center
1380051,1,102898739,102898739,G,A,Uncertain Significance,"Missense Variant,So:0001619",COL11A1,SNP,transition,0.3853820598006645,102898739,150,center
1204174,1,102898968,102898968,C,G,Uncertain Significance,"Missense Variant,So:0001619",COL11A1,SNP,transversion,0.2558139534883721,102898968,150,center
620141,1,102912161,102912161,G,A,Pathogenic,"Nonsense,So:0001619",COL11A1,SNP,transition,0.34219269102990035,102912161,150,center
1169323,1,102913621,102913621,T,C,Benign/Likely Benign,Intron Variant,COL11A1,SNP,transition,0.30564784053156147,102913621,150,center
258461,1,102914362,102914362,G,A,Benign,"Missense Variant,So:0001619",COL11A1,SNP,transition,0.3289036544850498,102914362,150,center
516177,1,102914836,102914836,T,TA,Benign,Intron Variant,COL11A1,INS,,0.44518272425249167,102914836,150,center
1627745,1,102915655,102915655,C,T,Likely Benign,"Non-Coding Transcript Variant,So:0001819",COL11A1,SNP,transition,0.3388704318936877,102915655,150,center
291512,1,102915659,102915659,G,A,Conflicting Classifications Of Pathogenicity,"Missense Variant,So:0001619",COL11A1,SNP,transition,0.33554817275747506,102915659,150,center
444173,1,102915668,102915668,G,T,Conflicting Classifications Of Pathogenicity,"Missense Variant,So:0001619",COL11A1,SNP,transversion,0.33222591362126247,102915668,150,center
1038628,1,102921534,102921534,C,A,Conflicting Classifications Of Pathogenicity,"Missense Variant,So:0001619",COL11A1,SNP,transversion,0.3289036544850498,102921534,150,center
1708056,1,102934447,102934447,A,G,Likely Pathogenic,Splice Donor Variant,COL11A1,SNP,transition,0.3953488372093023,102934447,150,center
1064982,1,102935080,102935080,C,A,Uncertain Significance,"Missense Variant,So:0001619",COL11A1,SNP,transversion,0.39867109634551495,102935080,150,center
1677309,1,102939061,102939061,C,T,Uncertain Significance,"Missense Variant,So:0001619",COL11A1,SNP,transition,0.3122923588039867,102939061,150,center
